file_name,invoice_type,invoice_no,invoice_date,party_name,amount_sar,currency,status,access_key,description,raw_text
شركة الرومانسيه مساهمه مقفله (الاداره).pdf,purchase,SAL-QTN-2026-00169,,name (,349.6,SAR,,SAL-QTN-2026-00169,,"اتمولمعلا  يةقنتل  ةظملانا  ايند  ةكرش
ةظمنا  تلااترسن   -ات كبش   -م كترلانا - بةقارم  اتيرماكولتركن  سكسلاا  رولحضا  ةظمنا  ارذلانا  ةزجها  و  تولصا
1010511666 اريتج  لسح
VAT No.: 311371598300003 :اﻟﻀﺮﯾﺒﻲ  اﻟﺮﻗﻢQuotation سعر  عرض
مسودة  فاتورة
Customer name (الاداره ) مقفله  مساهمه  الرومانسيه  شركةيل لعما  مسٕا
Addressانولعنا
VAT No: 310261202600003بييرلضا  مقرلا
Contactلصاتولا
P.O. Numberاءرلشا  رٔما
Line Items:الخدمة  أو  السلعة  توصيف
S.N
ت. ر
Nature of goods
فلصنا  يلصاتف
Image
رةولصا
Quantity
يةلكما
Unit price
ةدحولا  رسع
Taxable Amount
بةيرللض  عضالخا  غلبلما
SAR)
1 STO-ITEM-2023-10634 : امبير  5 فولت  12 طاقه  محولAdaptor 12V5Am
 1 55.0 55.0
2 ASF908 : خروج  زرInfrared Exit Button
 1 49.0 49.0
3 Door maintenance : والخروج  بالدخول  التحكم  نضام  صيانة
1 200.0 200.0
Total amounts:المبالغ  اجمالي
Total (Excluding VAT) 304.0 SAR (المضافة  القيمة  ضريبة  شاملة  غير )  الإجمالي
Discount 0.0 SARالخصومات  مجموع
Total Taxable Amount (Excluding VAT) 304.0 SAR (المضافة  القيمة  ضريبة  شاملة  غير )  للضريبة  الخاضع  الإجمالي
Total VAT 45.6 SARالمضافة  القيمة  ضريبة  مجموع
Total Amount Due 349.6 SARالمستحق  المبلغ  إجمالي
Terms & Conditions:Two-year hardware warranty / one-year maintenancewarrantyBank details :Bank name : Bank AlahliBank Account Name : Worls Systems InformationBank Account Number: 2720000074907IBAN No : SA5010000027200000747907Swift : wsit
:والأحكام  الشروطعام  لمدة  الصيانة  ضمان /  عامين  لمدة  الاجهزة  على  الضمان:البنكية  المعلوماتالاهلي  بنك :  البنك  اسمالمعلومات  لتقنية  الانظمة  دنيا  شركة :  الحساب  إسم27200000747907 : الحساب  رقمSA 5010000027200000747907 : الإيبان  رقمWsit:السويفت 
Invoice Number: SAL-QTN-2026-00169رةوتالفا  مقر
Invoice Issue Date: {{ noاردصٕا  خيارترةوتالفا
Due Date:اقحقتسلإا  خيارت
Payment Termsعفدلا  وطرش
0599188122-0583043150-0507347310 التواصل  ارقام .  العام  الشارع -  العلياء -  الرياض -  السعودية  العربية  المملكة
Tell:
0599188122-0583043150-0507347310 التواصل  ارقام .  العام  الشارع -  العلياء -  الرياض -  السعودية  العربية  المملكة
Tell:"
__مطاعم الخير_ (1).pdf,purchase,,2023-11-14,,0.0,SAR,,__مطاعم الخير_ (1).pdf,,"MRSOOL P.A.F 
Date: 14/11/2023 
Rev Date: 26/03/2024 
Rev No.: 1.3 
 
Saudi Arabia Office – HQ:  
P.O BOX: 7351 Riyadh 12385 
Riyadh, Saudi Arabia 
Egypt Office: 
El-Shaikh El-Shaarawy St 
Cairo, Egypt 
 
واحد شخص شركة  - المعلومات  وتقنية للإتصالات   لوسرم تطبيق شركة  
1010571565 : ي راج ت سجل سعودي  لاير 250000 :المال س أر مختلطة محدودة ةيلوؤسم ذات 
Mrsool App for Telecommunication & Technology 
Limited liability, Capital 250000 S.R C.C.R 1010571565 
عقد اشتراك في تطبيق توصيل الطلبات 
 )لوسرم ق يبطت( 
 
إنه في يوم الخميس   الموافق  04/07/2024، بمدينة الرياض، تم توقيع هذا العقد بين كل من 
 
:ًﻻوأ ﺔﻴﻨﻘﺗو تﻻﺎﺼﺗﻼﻟ لﻮﺳﺮﻣ ﻖﻴﺒﻄﺗ ﺔﻛﺮﺷ اﳌﻌﻠﻮﻣﺎت /مقر يراجتلا ل جس1010571565  خيراتو01/02/1438ه صادر من الرياض، هاتف0112484408 
وعنوانها6767 طريق أبي بكر الصديق حي النرجس الرقم الفرعي2765 مدينة الرياض الرمز البريدي13327 ويمثلها في التوقيع على هذه الاتفاقية الأستاذ محمد 
ب رعز دمحأ بصفته نائب ت اكارشلا سيئر.)لوسرم( وأ )لولأا ف رطلا( ـب ةيقاف تلاا هذه يف اهيلإ راشيو ، 
 
: ًﺎﻴﻧﺎﺛ (اسم الشركة /المؤسسة):  شركة دنيا الأنظمة لتقنية المعلومات :ةيراجت ةملاعلا مسا مطاعم الخير لتقديم الوجبات  مقر يراجتلا ل جسب:  1010890205   
و:خيرات 02/12/1444، الصادر من الرياض هاتف: 966569150166 بريد إلكترونيalkhaircoffeealkhir@gmail.com ويمثلها في التوقيع على هذه
الاتفاقية عبدالباقي احمد سعيد النقيب بصفته  مدير و يشار إليها في هذه الاتفاقية بـ (الطرف الثاني) أو (الشريك). 
 
ﺗﻤ تلا يمدختسلم اهضرعو ن يكرتشلما ت اجتنلم ق يوستلا يف ل ثمتت هئلامعل ت امدخ ميدق تب موق ي ق يبطت وهو )لوسرم ق يبطت( لولأا ف رطلا كلمي ث يحطبيق 
واستقبال الطلبات عبر منصته وربط طالب خدمة التوصيل بمقدمي خدمات التوصيل ومن ثم توصيلها إلى طالب الخدمة، وحيث يرغب الطرف الثاني في  رجتم جاردإ
دق ف هيلعو ،ةيدوعسلا ةيبرعلا ةكلملما يف كلذو دق علا اذه يف ةروكذلما ت امدخلا ةفاك ميدق تل )لوسرم ق يبطت( ن مض )كيرشلا( يناثلا ف رطلا اتفق الطرفان وهما 
:ةيلاتلا دونبلا ىلع ًاماظنو ًاعرش ةربتعلما امهتيلهأ ل ماكب 
 
اﳌﺎدة اﻷوڲ:  يعتبر .اهعم مهريسف تو مهتءارق متيو ةيقاف تلاا هذه ن م أزجتي لا ًاءزج ةق فرلما ت اق حللماو ق باسلا ديهمتلا 
 
 
اﳌﺎدة اﻟﺜﺎﻧﻴﺔ: النطاق الزمني للاتفاقية: 
مدة هذه الاتفاقية سنة ميلادية واحدة  امهيأ لوسرم ق يبطت ربع كيرشلل نلاعإ لوأ ن يشدتو روهظ وأ اهيلع عيقوتلا خيرات ن م أدبتأقرب، وتتجدد بشكل تلقائي بذات 
.ديدجتلا يف هتبغر مدعب رخلآا ن يفرطلا دحأ رطخي ملام ةدلما 
 
 
اﳌﺎدة اﻟﺜﺎﻟﺜﺔ: التعريفات: 
1. العقد.هيف اهل راشلما طباورلاو ت اق فرلما ةفاكو دنتسلما اذه هب دصق يو : 
2. التطبيق لوسرم ق يبطت هب دصق يو 
3. البوابة الإلكترونيةا ريراق تلا ىلع علاطلااو هباسح ةرادإ وأ هللاخ ن م ت ابلطلا ل ابق تسا ن م يناثلا ف رطلا ن كمي ي ذلاو لوسرلم ينورتكللاا عقولما اهب دصق يولمالية 
  .لولأا ف رطلا اهمدق ي ىرخأ ت ازيم ي أو 
4. المنتجات القابلة لإعادة البيعهي منتجات الشريك الجاهزة للبيع والتي لا تتطلب إعداد مسبق، أو بالإمكان إعادة بيعها أو الانتفاع بها من متجر الطرف الثاني. 
 
 
اﳌﺎدة اﻟﺮا:لولأا ف رطلا ق وق حو ت امازتلا : 
1. .رجتملل ينورتكللإا عفدلا ةمدخ ل يعف تو ،ق يبطتلا ن مض كيرشلا رجتم جاردإب لولأا ف رطلا مزتلي 
2.  ل لاخ ن م يناثلا ف رطلا ىلإ ت ابلطلا ل اسرإب لولأا ف رطلا مزتليالتطبيق. 
3.  لولأا ف رطلا مزتليبتوصيل  .ق يبطتلا ل لاخ ن م معطملل ةدراولا ت ابلطلا 
4. .دق علا اذه يف روكذلماو يناثلا ف رطلاب صاخلا ينورتكللاا ديربلا ىلا ريتاوف لا ل اسرإب لولأا ف رطلا مزتلي 
5. ا ريراق ت ضارعتساو ريراق تلا ىلع لوخدلل هيدل ماظنلا ل وؤسم ل لاخ ن م يناثلا ف رطلا ن يكمتلطلبات اليومية والأسبوعية والشهرية والإيرادات المنبثقة من خلال 
.لوسرم ةباوب 
6. ا ل لخلا ن م ةجتان نوكت رارضأ ي أ ل محتي لاو ،ق يبطتلا يف ةينق ت ل اطعأ ي أ حلاصإو ق يبطتلا ةيرارمتسا ن امضل هدهج ى صقأ لولأا ف رطلا ل ذبيلتقني.  
7.  يف ل يصوتلا غلبم رييغت وأ ديدحت لولأا ف رطلل ق حي .يناثلا ف رطلا ةق فاولم ةجاحلا نود كلذو هئلامعل ت اموصخلا ميدق تو ،ت قو ي أ 
MRSOOL P.A.F 
Date: 14/11/2023 
Rev Date: 26/03/2024 
Rev No.: 1.3 
 
Saudi Arabia Office – HQ:  
P.O BOX: 7351 Riyadh 12385 
Riyadh, Saudi Arabia 
Egypt Office: 
El-Shaikh El-Shaarawy St 
Cairo, Egypt 
 
واحد شخص شركة  - المعلومات  وتقنية للإتصالات   لوسرم تطبيق شركة  
1010571565 : ي راج ت سجل سعودي  لاير 250000 :المال س أر مختلطة محدودة ةيلوؤسم ذات 
Mrsool App for Telecommunication & Technology 
Limited liability, Capital 250000 S.R C.C.R 1010571565 
8.  لولأا ف رطلل ق حي-بعد إبلاغ الطرف الثاني - بتحويل جميع الطلبات للدفع الآجل  ب ودنم ن م غلبم ي أ ملاتسا نود ت ابلطلا عيمج زيهجتو ل ابق تساب كيرشلا مزتليو
التوصيل على أن تتم المقاصة المالية بنهاية كل شهر حسب طريقة سداد الفواتير المذكورة بهذا العقد.  
 
 
اﳌﺎدة اݍݵﺎﻣﺴﺔ:  التزامات :يناثلا ف رطلا ق وق حو 
1. ن ع ةيقاف تلاا هذه ذيف نت ل جأ ن م عرف ل ك ل خاد ةينورتكللإا ةباوبلا ن م ت ابلطلا ل ابق تسلا ةمزلالا ت ابلطتلما ريفوتب يناثلا ف رطلا مزتلي طريقة أجهزة استقبال 
الطلبات أو نظم الربط. 
2. اهثيدحتب موق ي امك ،ق يبطتلا يف اهجاردلإ اهراعسأو ت اجتنلما ةمئاقو اهعقاومو عورف لا ت انايبب لولأا ف رطلا ديوزتب يناثلا ف رطلا مزتلي  غلابإب مزتليو ،ي روف ل كشب
.ي روف ل كشب ل يدعت وأ رييغت ي أ ن ع لولأا ف رطلا 
3. لما  يناثلا ف رطلا ل محتيو ،رجتلما ل خاد روهمجلل ةضورعلما راعسلأا عم ق يبطتلا يف ةضورعلما ت اجتنلما ةميق ق باطتب يناثلا ف رطلا مزتلي ي أ ن ع ةلماكلا ةيلوؤس
اختلاف في الأسعار . 
4. ديوزتو اهتماقإ يف ب غري يتلا ةيجيورتلا ضورعلاو ت اموصخلا عيمج "
